{
  "__type__": "cc.SpriteFrame",
  "content": {
    "name": "banana",
    "atlas": "",
    "rect": {
      "x": 38,
      "y": 53,
      "width": 180,
      "height": 150
    },
    "offset": {
      "x": 0,
      "y": 0
    },
    "originalSize": {
      "width": 256,
      "height": 256
    },
    "rotated": false,
    "capInsets": [
      0,
      0,
      0,
      0
    ],
    "vertices": {
      "rawPosition": [
        -90,
        -75,
        0,
        90,
        -75,
        0,
        -90,
        75,
        0,
        90,
        75,
        0
      ],
      "indexes": [
        0,
        1,
        2,
        2,
        1,
        3
      ],
      "uv": [
        38,
        203,
        218,
        203,
        38,
        53,
        218,
        53
      ],
      "nuv": [
        0.1484375,
        0.20703125,
        0.8515625,
        0.20703125,
        0.1484375,
        0.79296875,
        0.8515625,
        0.79296875
      ],
      "minPos": {
        "x": -90,
        "y": -75,
        "z": 0
      },
      "maxPos": {
        "x": 90,
        "y": 75,
        "z": 0
      }
    },
    "texture": "43574c17-5099-4269-951b-579576502e39@6c48a",
    "packable": true,
    "pixelsToUnit": 100,
    "pivot": {
      "x": 0.5,
      "y": 0.5
    },
    "meshType": 0
  }
}