{
  "__type__": "cc.SpriteFrame",
  "content": {
    "name": "apple",
    "atlas": "",
    "rect": {
      "x": 46,
      "y": 49,
      "width": 164,
      "height": 158
    },
    "offset": {
      "x": 0,
      "y": 0
    },
    "originalSize": {
      "width": 256,
      "height": 256
    },
    "rotated": false,
    "capInsets": [
      0,
      0,
      0,
      0
    ],
    "vertices": {
      "rawPosition": [
        -82,
        -79,
        0,
        82,
        -79,
        0,
        -82,
        79,
        0,
        82,
        79,
        0
      ],
      "indexes": [
        0,
        1,
        2,
        2,
        1,
        3
      ],
      "uv": [
        46,
        207,
        210,
        207,
        46,
        49,
        210,
        49
      ],
      "nuv": [
        0.1796875,
        0.19140625,
        0.8203125,
        0.19140625,
        0.1796875,
        0.80859375,
        0.8203125,
        0.80859375
      ],
      "minPos": {
        "x": -82,
        "y": -79,
        "z": 0
      },
      "maxPos": {
        "x": 82,
        "y": 79,
        "z": 0
      }
    },
    "texture": "d7580fa5-3e7a-461e-8ac3-ada2d8e51858@6c48a",
    "packable": true,
    "pixelsToUnit": 100,
    "pivot": {
      "x": 0.5,
      "y": 0.5
    },
    "meshType": 0
  }
}