{
  "__type__": "cc.SpriteFrame",
  "content": {
    "name": "peache",
    "atlas": "",
    "rect": {
      "x": 41,
      "y": 41,
      "width": 174,
      "height": 174
    },
    "offset": {
      "x": 0,
      "y": 0
    },
    "originalSize": {
      "width": 256,
      "height": 256
    },
    "rotated": false,
    "capInsets": [
      0,
      0,
      0,
      0
    ],
    "vertices": {
      "rawPosition": [
        -87,
        -87,
        0,
        87,
        -87,
        0,
        -87,
        87,
        0,
        87,
        87,
        0
      ],
      "indexes": [
        0,
        1,
        2,
        2,
        1,
        3
      ],
      "uv": [
        41,
        215,
        215,
        215,
        41,
        41,
        215,
        41
      ],
      "nuv": [
        0.16015625,
        0.16015625,
        0.83984375,
        0.16015625,
        0.16015625,
        0.83984375,
        0.83984375,
        0.83984375
      ],
      "minPos": {
        "x": -87,
        "y": -87,
        "z": 0
      },
      "maxPos": {
        "x": 87,
        "y": 87,
        "z": 0
      }
    },
    "texture": "71e9ea8a-64a5-401f-8991-e041ce86e7e7@6c48a",
    "packable": true,
    "pixelsToUnit": 100,
    "pivot": {
      "x": 0.5,
      "y": 0.5
    },
    "meshType": 0
  }
}